<?xml version="1.0" encoding="UTF-8"?>
<colors>
    <!-- CONFLUENCE LITE COLORS -->
    <color name="white">FFFFFFFF</color>
    <color name="grey">FFB4B4B4</color>
    <color name="grey2">88FFFFFF</color>
    <color name="grey3">33FFFFFF</color>
    <color name="grey4">17FFFFFF</color>
    <color name="black">FF000000</color>
    <color name="blue">FFD204A9</color>
    <color name="selected">FFD204A9</color>
    <color name="dialogheader">FFDDA0DD</color>
    <color name="orange">FFD204A9</color>
	<color name="themecolor">FFD204A9</color>
    <!-- CONFLUENCE LITE MOD ADVANCED COLORS -->
    <color name="MenuFocus">FFD204A9</color><!--blue-->
    <color name="MenuNoFocus">33FFFFFF</color><!--grey3-->
    <color name="SubMenu">88FFFFFF</color><!--grey2-->
    <color name="CommonBtnFocus">FFFFFFFF</color><!--white-->
    <color name="CommonBtnNoFocus">88FFFFFF</color><!--grey2-->
    <color name="HomeInfoOne">FFFFFFFF</color><!--white-->
    <color name="HomeInfoTwo">FFD204A9</color><!--blue-->
    <color name="HomeInfoThree">88FFFFFF</color><!--grey2-->
    <color name="StatsName">FFD204A9</color><!--white-->
    <color name="StatsAmnt">FFFF69B4</color><!--white-->
    <color name="RSSText">FFFF69B4</color><!--blue-->
    <color name="RSSTitle">FFD204A9</color><!--blue-->
    <color name="RSSHiLite">FFFF69B4</color>
    <!--ADVANCED COLORS CLOCK -->
    <color name="HomeInfoDate">FFFF69B4</color><!--white-->
    <color name="HomeInfoClock">FFD204A9</color><!--white-->
    <!--ADNVANCED COLORS HOME ALBUM INFO -->
    <color name="NowPlayAlbum">FFFF69B4</color><!--white-->
    <color name="NowPlayTitle">FFD204A9</color><!--white-->
    <color name="NowPlayTIme">FFFF69B4</color><!--white-->
</colors>
