<?xml version="1.0" encoding="UTF-8"?>
<colors>
    <color name="white">FFFFFFFF</color>
    <color name="grey">FFB4B4B4</color>
    <color name="grey2">FF999999</color>
    <color name="grey3">FF505050</color>
    <color name="black">FF000000</color>
    <color name="blue">FF03D6D9</color>
    <color name="selected">FF03D6D9</color>
    <color name="orange">FF03D6D9</color>        
    <color name="RSSText">FFFFFFFF</color><!--blue-->
    <color name="RSSTitle">FF03D6D9</color><!--blue-->
    <color name="RSSHiLite">FF03D6D9</color>
	<color name="themecolor">FF03D6D9</color>
</colors>
